Name,Email,Address,PhoneNumber,Country,Latitude,Longitude,DateofBirth,Company,Job,CreditCardNumber,ExpirationDate
Jessica French,stacey38@example.com,"6452 Craig Brooks
Ronaldchester, HI 11032",467.276.8078x125,Guadeloupe,-40.877212,100.693242,1990-04-17,Robinson-Allen,Optometrist,180036710436680,01/28
Jane Duncan,david18@example.com,"1591 Robert Forge
Rachelborough, MI 35611",817.482.4841,Ukraine,53.6704615,-23.188842,1990-08-23,Walker-Boyle,"Scientist, audiological",213181971374641,05/30
Jeremy Miller,anna36@example.net,"8277 Keller Rue
West Carrieview, HI 24277",0789155836,Cuba,-77.6932135,-36.278241,1996-05-25,Castillo-Hutchinson,Secretary/administrator,4696014782749131,05/33
David Bryant,erichayes@example.com,"38303 Lopez Road
Port Ann, PA 72176",511.564.0439x06166,Croatia,85.541718,57.692344,1986-08-26,Meyer PLC,"Production assistant, television",213153294907183,01/31
Adam Brown,wallacestanley@example.org,"228 Robinson Pines
East Lauren, MI 07761",001-881-740-6676x896,Cuba,-79.061537,166.027433,1949-08-23,"Gibson, Robinson and Gonzalez",Secretary/administrator,3510617430432342,06/30
Michelle Johnson,archerjohn@example.net,"2114 Anthony Squares Apt. 910
Jaredville, ID 97196",077-081-8360x650,Antigua and Barbuda,86.5839605,-160.747184,1936-08-06,"Miller, Floyd and Galloway",Chief Financial Officer,676245370363,06/28
Vanessa Williams,bentonrobin@example.com,"PSC 9038, Box 4476
APO AA 72358",+1-922-740-1333,Botswana,69.982567,63.040140,1939-12-02,Watkins LLC,"Conservator, furniture",676108186740,04/33
Yesenia Patton,villajeffrey@example.net,"Unit 4290 Box 0399
DPO AE 43474",001-853-099-5549x27261,Pitcairn Islands,17.2994495,126.665686,1962-09-12,Jefferson LLC,Barrister's clerk,502081784493,07/33
Thomas Luna,brianritter@example.com,"845 Burch Street
East Adamport, PR 68679",216-492-8222x25465,Nepal,41.3541805,3.309976,1938-09-08,"Summers, Gould and Johnson",Clinical cytogeneticist,4867118779220,03/27
Christopher White,robertcruz@example.org,"1860 Adrian Union
Simpsonport, NV 61369",+1-003-272-4551x359,Oman,57.5485745,11.819594,1934-11-06,Harper and Sons,Commissioning editor,6593665074034505,08/30
Mrs. Jessica Sanchez,ywilson@example.net,"819 Ferrell Loop
West Paulhaven, CA 43724",5561928555,Egypt,-25.4990095,-52.609753,1958-09-02,"Torres, Davis and Smith",Quarry manager,4902824501826139,12/29
Leslie Fox,branchcharles@example.com,"71312 Edward Ridge Suite 765
Douglasfort, LA 92002",773-805-3130,Benin,32.167249,3.145470,1934-02-18,Duarte-Gordon,"Engineer, land",340756278434309,11/30
Jennifer Young,brittany43@example.com,"87586 Zimmerman Walk Apt. 423
Morganville, TX 52770",(419)778-0505,Togo,-9.817716,113.905851,1969-09-16,Jones-Becker,Police officer,2240386185150843,04/26
John Yang,wardkevin@example.net,"98442 Miller Mount
Susanhaven, CA 56168",+1-851-393-4393x85319,Mauritania,12.1551465,-123.288691,1999-03-19,Harvey PLC,"Surveyor, building",2659597133684436,09/33
Patricia Reyes,irojas@example.com,"75998 Carrillo Coves Suite 191
Wilsonborough, VI 30970",238-576-1616x934,Croatia,-89.7503825,173.164272,1991-10-25,Reid-Johnson,Surgeon,060460272168,01/29
William Guzman,bphillips@example.com,"882 Ashley Place Apt. 008
East Traceyhaven, OH 61910",(333)619-8137x6896,Nauru,-70.950745,137.233324,2002-11-27,Lowe PLC,Community arts worker,30220564958732,08/31
Bradley Richard,nlynch@example.org,"2034 Kimberly Fort Apt. 948
East Kathleenmouth, IL 04865",(519)610-7696x93525,United States Virgin Islands,-41.0268945,37.748788,1950-07-06,"Baker, Summers and Hernandez","Engineer, energy",30074567241319,03/31
Elijah Brooks,michael86@example.net,"73610 Nicole Glen Apt. 761
Morganmouth, UT 18793",(665)027-1486x2510,El Salvador,6.216657,28.272677,1949-11-01,Bowman Ltd,Conference centre manager,3521721623725632,02/31
Alyssa Lopez,frankbond@example.com,"358 Santos Hollow
Frazierfort, MA 37499",+1-515-468-4562x57118,Belgium,-65.706074,-52.146540,1977-08-30,Taylor-Odom,"Administrator, sports",4486271585666796791,01/27
Mary Morales,collinsmary@example.org,"841 Miranda Harbor
Port Josemouth, AR 60017",7966960848,Tokelau,14.8382325,-29.101212,2000-02-18,Smith Ltd,Geographical information systems officer,4866127985282389,06/31
Donald Wood,urodriguez@example.net,"687 Adam Lane Suite 226
Cookeland, MO 57472",795.747.0776x8557,Somalia,-30.2962725,7.867417,1947-06-28,"Whitaker, Conley and Baker",Ophthalmologist,3513450492139036,04/31
Tyler Reyes,zberger@example.org,"PSC 5241, Box 5122
APO AE 95362",+1-413-535-9722x2134,Cote d'Ivoire,-71.100995,-96.524793,1947-03-09,"Bryant, Barajas and Lopez",Information systems manager,3570617050429823,09/31
Gina Rodriguez,tammymiller@example.org,"3012 Tanner Mountain
Lake Elizabethfort, OR 85631",+1-370-176-8752,Madagascar,-0.4844905,101.859889,2001-04-21,Carter-Bonilla,Land,676224602992,08/32
Hunter Peterson,amberrose@example.org,"64315 Ramirez Mountains Suite 009
South Ryan, LA 48638",+1-550-161-0371x474,San Marino,-46.823880,-119.497683,1935-12-30,"Santiago, Dudley and Wilson",Health service manager,180060736297934,01/29
Nicholas Davila,cstafford@example.com,"13700 Elizabeth Place Apt. 127
South Jasminefort, HI 23183",454-533-7088,Malaysia,53.897323,-151.393912,1985-10-25,Mitchell-Ford,Manufacturing systems engineer,6011795530210862,11/33
Zachary Young,randolphsamantha@example.org,"59258 Hines Cliff
East Michaelfort, SD 16358",(295)582-7384x0167,Israel,76.746543,-149.463433,1945-10-04,Garcia-Ortiz,"Therapist, occupational",4930974153358109,04/32
Linda Adams,reginald83@example.net,"Unit 2890 Box 2176
DPO AE 76118",604.705.3980x36400,Malaysia,-15.1437095,16.256826,1955-06-07,"Krause, Lester and Brown",Film/video editor,6011195940345558,06/30
Ann Montgomery,melissashelton@example.net,"163 Timothy Centers Suite 099
Lake Katherine, HI 52329",(228)284-1597,Lebanon,-42.7331395,47.657285,1965-05-06,Brown and Sons,Probation officer,343044850902341,09/27
Denise Boyd,sarah28@example.org,"096 Jessica Hill Apt. 427
West Melissa, WV 42372",788-242-4489x35571,Solomon Islands,-38.6063215,-88.410352,1976-06-13,Steele-Mason,Information systems manager,4228002257788863,09/25
Sheila Gibbs,adamschristine@example.com,"0718 Neal Port Apt. 886
North Brian, NM 33123",666.400.4462x6450,Burundi,-77.2271225,138.872445,1943-03-01,"Gonzalez, Salinas and Marshall","Nurse, learning disability",2704795876081316,08/30
Robert Johnston,nicole48@example.net,"12420 Jesus Meadows Suite 504
Davidport, AR 18575",168-017-5809x5081,Venezuela,-28.2833675,16.151818,1963-12-01,"Bennett, Mcdonald and Brown",Furniture conservator/restorer,4638840113968052,10/31
Anthony Peterson,paulwilliams@example.net,"7165 Amy Curve
Hernandezton, CO 26061",372.692.0104x98395,New Caledonia,-64.481440,-81.445468,1989-07-21,"Jensen, Cruz and Brown",Physiological scientist,4230026214535,04/25
Bryan Harrington,vsmith@example.net,"82960 Hickman Drive
New Seth, TN 12466",504-718-4461,Greece,73.176726,18.716988,1958-05-01,"Short, Clark and Obrien",Statistician,378886796586788,01/30
Christian Frank,thomas30@example.com,"406 Jeanette Landing
North Elizabethport, WI 14807",6963258625,Russian Federation,55.3428055,179.711503,1968-05-07,Clark-Vaughn,Clinical molecular geneticist,30455020323143,02/33
Brett Coleman,cookericardo@example.net,"01596 Beard Divide Suite 552
Fernandezfurt, MN 73092",(306)429-6751x562,Georgia,-43.9178215,76.246793,1974-04-16,Figueroa Ltd,Politician's assistant,343540228422607,11/33
Katie Davis,kylie74@example.net,"USNV Williams
FPO AA 74380",(997)191-8517x032,Luxembourg,-17.8271355,40.999509,1992-06-16,Clark LLC,Interpreter,180085462803068,12/28
Shawn Taylor,timothyharris@example.net,"590 Felicia Inlet
Jamesburgh, UT 28295",915.666.8880,Colombia,-85.388538,-64.195735,1947-09-11,"Miller, Mitchell and Gamble",Historic buildings inspector/conservation officer,3533272046239799,02/27
Kathleen Hill,bbullock@example.net,"277 Joe Flat Apt. 896
Tinabury, KS 91719",095.604.6712,Spain,-28.893715,65.299540,1955-06-23,Hodges-Jones,Technical author,4713825849369921,02/29
Lawrence Kelly,melissacarpenter@example.org,"8529 Jennifer Stravenue Suite 981
Ashleeton, DC 26372",929.915.1717,Djibouti,44.5966585,53.809213,1947-07-29,Griffin-Obrien,Proofreader,4121296801688193,01/27
Kim Patel,dustin98@example.net,"81214 Martin Land Apt. 592
Matthewview, SD 35879",689.566.2411,Brunei Darussalam,-48.7462615,5.107637,2001-02-12,Lewis LLC,Oncologist,213116238185117,04/28
Catherine Tran,patrick20@example.org,"95649 Bell Route
Port Robert, MH 16805",463.458.4805x05593,Iraq,-1.7569015,111.385479,1935-06-29,Miller Inc,"Lecturer, higher education",4324145063297760,06/31
Rebecca Ryan,john70@example.com,"0618 Contreras Stream Suite 987
Guerraville, FM 23682",(827)192-6391x24361,Kyrgyz Republic,-38.9506255,22.363275,1978-11-24,Adams LLC,Travel agency manager,5352617014122117,11/27
Catherine Mason,latkinson@example.org,"56688 Johnson Coves Suite 385
Leeview, MD 61582",455-773-4451x283,Belize,-53.6089115,162.566432,1963-12-11,"Peters, Lee and Thompson",Technical brewer,3525292926245781,07/27
Anthony Taylor,fgibson@example.org,"6467 James Harbors Apt. 960
South Laura, GA 54523",076.395.4794x02705,Central African Republic,34.950339,-72.474378,1948-10-19,Collins Inc,Air cabin crew,348366609283599,05/32
Paula Reed,reesekyle@example.org,"5673 Romero Motorway
Brownshire, CO 53660",001-619-171-8055x8658,Sudan,26.851117,-134.382586,1935-11-03,Stewart Inc,"Education officer, environmental",6011428133315934,03/24
Tina Flores,barnesrobert@example.net,"367 Gregory Spur
New Mariafort, MN 03276",333.698.9228,Guinea,5.8724695,35.141678,1992-10-05,Kemp Ltd,Building surveyor,4010739240494840858,05/32
Natalie Benitez,stevensonbianca@example.org,"8436 Calvin Junctions Suite 486
North Virginia, ND 32660",001-829-865-3001,Slovenia,-89.0229495,128.673665,2003-06-20,Burton Group,Chartered legal executive (England and Wales),344596016814966,07/29
Maria Gilbert,usmith@example.net,"301 Miller Isle
Alifort, NV 75052",(083)328-8602x309,French Southern Territories,39.956207,128.535928,1959-05-10,"Spence, Lowery and Harrison",English as a foreign language teacher,2266210580173201,01/33
Amanda Lawson,michaellogan@example.org,"Unit 3431 Box 5741
DPO AE 04605",(636)951-2824,Austria,12.205539,137.217406,2001-11-23,"Meyers, Davis and Park",Chartered legal executive (England and Wales),4967499242821466853,11/30
Frank Mcguire,michele36@example.com,"PSC 1761, Box 6107
APO AP 86490",+1-549-551-0219,Mayotte,11.803726,80.495168,1947-11-27,Pennington and Sons,Make,4555715663984,09/33
Brent Huynh,danielcarter@example.org,"65868 Lawson Hollow Apt. 800
Lake Joshua, FM 27814",000.356.6682,Tuvalu,-38.781117,-25.713807,1935-06-05,Reeves-Dawson,"Therapist, horticultural",3551160924510604,09/30
John Jones,matthewswilliam@example.com,"8290 Howard Corner Apt. 925
Ambermouth, AK 87725",001-577-158-7276x515,Portugal,48.632030,122.624932,1980-11-17,"Johnson, Scott and Powell",Chief Operating Officer,630486782927,07/26
Terri Holt,jennifer45@example.com,"876 King Square Suite 124
Lake Andrew, NV 89997",(418)320-2986,Japan,4.4055585,-122.824272,1959-09-12,Rodriguez Inc,Company secretary,36300817460845,04/33
Troy Turner,johnsonkathleen@example.com,"3747 Reyes Spurs Suite 913
Johnburgh, UT 66042",652-418-7851x384,Iran,-31.579257,-129.062729,1964-10-07,"Harris, Ross and Harrison",Office manager,3542413961676529,03/33
Amber Nguyen,april04@example.net,"186 Tanner Canyon
Lisaside, WV 32317",155-210-4846x0223,Zimbabwe,63.5668035,54.622680,1955-05-19,Gardner-Pruitt,Recycling officer,38583033995953,10/32
David Higgins,madeline20@example.org,"423 Allen Port Suite 051
Morrisfurt, FL 12326",481.256.8538x1827,Austria,49.059571,165.456577,1957-03-06,Simmons-Nelson,Retail merchandiser,676301723497,02/28
Manuel Green,devans@example.net,"812 Cervantes Lodge
Faithton, OK 71004",187.886.7207,Togo,74.825075,-60.387044,1986-08-02,Powell Group,General practice doctor,676355701001,10/27
Angela Peterson,jeffery07@example.com,"95363 Torres Locks Suite 978
Rebeccaton, SC 42661",001-979-614-5571x6363,Suriname,35.290642,-107.172340,1951-10-29,"Hill, Anderson and Baker","Psychotherapist, child",3541184643128079,05/26
Jeffrey Henry,benjamin52@example.net,"896 Smith Plaza Suite 032
East Amy, CO 15850",+1-442-076-6125,Azerbaijan,34.0387275,143.150055,1988-09-03,Williams LLC,Production manager,30527279826164,04/29
Jasmine Mccarthy,elizabeth98@example.org,"659 Melissa Highway Apt. 881
Romerofurt, NJ 12726",741-996-3809,Lesotho,-32.635603,-171.105201,1961-10-07,"Walker, Carter and Andrews",Metallurgist,639005186171,11/25
Linda Campbell,halltyler@example.com,"5223 Nichols Park
Brownfort, FL 83169",740-680-8262,Sierra Leone,-73.889948,155.793996,1941-02-17,Hicks-Johnson,Trade union research officer,4636837122271177576,04/32
Timothy Chang,hollydeleon@example.org,"59089 Douglas Parks Apt. 118
Dayland, GU 32058",001-809-761-5997,Cocos (Keeling) Islands,57.7596395,11.349226,1968-05-02,"Thompson, Mathews and Wheeler",Emergency planning/management officer,347907133845568,10/24
Thomas Lucas,brianfuller@example.com,"7056 Wells Extension
East Kimberly, OH 65595",001-552-210-4297,Canada,87.4854005,-83.610977,1973-09-18,"Arias, Blair and Peters","Scientist, research (maths)",4296375645791097,11/30
Stacey Herrera,matthewcole@example.net,"17540 Emily Fords Apt. 789
Gaytown, VA 95328",(563)247-5061,Nepal,-0.7607385,123.031885,1942-06-21,Thompson-Bowen,Forensic psychologist,4965063317459311546,07/28
Greg Hernandez,brendaandrews@example.org,"9898 Katherine Shoals
Kyleland, AZ 15655",963-437-9125,Algeria,-68.731055,168.298823,1989-03-12,"Adams, Osborne and Fisher",Social researcher,4913525364997662,11/31
Mary Quinn,sbrooks@example.net,"064 Thomas Plain
Christopherborough, CT 94315",001-837-168-4724,Gabon,20.396567,-40.487782,1990-05-19,Graham Ltd,"Secretary, company",2706584149954311,01/32
Richard Smith,alexander84@example.com,"761 Carol Canyon Suite 313
North Veronica, AR 38016",+1-658-917-4689x60376,Panama,45.7645505,54.796042,1961-04-13,"Howell, Obrien and Mcdowell","Engineer, technical sales",5146997094103158,11/30
Karen Gonzalez,smithkenneth@example.net,"449 Kathleen Bridge Suite 222
Port Richardside, DC 36135",074.899.8024,Nicaragua,26.507859,23.352432,1950-03-10,Phillips-Kim,Exhibition designer,213198015776193,11/26
Susan Smith,sjohnson@example.org,"PSC 1135, Box 0202
APO AE 60071",6457265684,France,-30.7316605,-49.833233,1978-02-22,"Choi, Pollard and Nelson",Energy manager,341477809247685,10/32
Jennifer Davis,anthonycarlson@example.net,"7130 Brian Avenue
East Carlaton, LA 90890",(746)226-6100x325,South Africa,-76.331040,-129.629687,1953-03-27,Williams-Woodard,"Teacher, early years/pre",2379713647927281,07/25
Angel Smith,robertchambers@example.net,"971 Stacey Cape Suite 890
New Raymond, CO 21279",422-898-2435x8235,Heard Island and McDonald Islands,88.559806,-136.348332,1963-04-21,"Flores, Brown and Ford",Hydrographic surveyor,2704926256596504,03/25
Megan Hartman,frank71@example.org,"554 Adam Shoal Suite 390
Gallagherville, CA 10901",375-152-5379,Lebanon,-52.2206635,174.691997,2000-08-31,King-Estes,"Buyer, retail",6507482987530651,04/25
Roger Wright,angelawalters@example.org,"8239 Phillip Trafficway
Spencerview, CT 51028",+1-865-447-2677x4432,Nepal,56.163281,99.793729,1946-10-16,Ward-Gonzalez,Theatre stage manager,3586178720356674,08/25
Dr. Cynthia Calderon,karen33@example.org,"467 Adams Isle Suite 735
Hillland, NM 62915",546-129-5728,American Samoa,38.2219015,-126.149599,1967-02-18,Singh PLC,Biomedical engineer,6544755441701652,08/30
Matthew Fox,waltonsarah@example.org,"5534 Howard Lodge
West Kevinview, WV 35212",001-237-356-4112x35461,Fiji,-36.321240,138.304372,1972-01-22,Brown-Myers,Warden/ranger,676246948548,09/24
Linda Bryant,santiagojoseph@example.org,"4091 Ashley Lights Apt. 856
West Charles, FM 75907",449.591.9148x97634,Uzbekistan,0.8267985,10.469975,1991-10-30,Cruz-Patterson,Insurance broker,4811899389365665,03/26
Sharon Garcia,vasquezhenry@example.org,"5271 Kathleen Prairie Suite 455
Tammyland, MS 69460",001-462-983-5089,Jersey,13.360684,-3.488751,1987-01-03,"Pham, Horton and Cook",Cytogeneticist,4038827779485782,08/30
Edward Moore,onealmelissa@example.com,"4734 Bobby Tunnel Suite 919
Jessicaville, MP 52953",612.609.6130,Ethiopia,-18.5299495,128.445431,1935-03-25,"Wang, Logan and Mcguire",Emergency planning/management officer,4027177793478304922,01/30
Kristina Edwards,charles60@example.com,"74254 Baker Key
South Deborah, KY 61552",001-861-558-0258,Cape Verde,-27.227406,-38.592896,1949-04-11,Johnson-Barry,"Engineer, structural",4754996863322879367,09/26
Becky Ho,amberweiss@example.com,"12271 Mcgee Tunnel Suite 744
Gomezfurt, PR 49723",+1-873-986-6967x49427,Tonga,27.8821805,136.027359,1982-08-12,"Murphy, Larsen and Long","Therapist, drama",2638954947687475,08/32
Anthony Holmes,vincent37@example.org,"244 Cheryl Freeway Suite 190
Autumnview, NJ 72458",436.201.6143x734,Christmas Island,-32.019172,160.669197,1952-08-13,"Acosta, Jackson and Huff","Nurse, learning disability",373063309769906,06/30
Sarah Lynn,taylordeleon@example.org,"9473 Johnson Squares Suite 546
Michelleberg, OH 02039",661-124-0197,United Kingdom,0.6869415,3.976737,1960-10-12,Brady PLC,Diplomatic Services operational officer,5238998742261116,04/31
Jacob Johnson MD,jenniferhaley@example.org,"33703 Jocelyn Mountain Suite 538
Normanchester, MD 43382",(091)730-4094x5246,Brazil,55.086363,128.772823,1964-02-26,Evans Ltd,Race relations officer,180098371381084,01/32
Larry Miller,priceriley@example.org,"670 Moore Mews Suite 488
Justinside, HI 23883",350.943.0946x81416,Bermuda,-70.1117435,134.820746,1943-05-14,"Burns, Harvey and King",Risk manager,4215591992487307,12/33
Marissa Price,nathanielreid@example.com,"0133 Deanna Manors Apt. 770
Richardsonbury, OH 69325",465.275.7015,Timor-Leste,40.4239175,29.916956,1991-12-25,Jackson Inc,Land/geomatics surveyor,4618159191785799215,11/25
Phyllis Blake,cynthia21@example.com,"93054 Brianna Road
New Emily, LA 25559",(963)885-6835,Trinidad and Tobago,50.052894,171.740857,1969-07-16,"Barron, Krause and Anderson",Engineering geologist,30216435098849,10/24
Mary Cook,robin41@example.net,"Unit 9063 Box 1042
DPO AP 44552",(888)302-0748x405,Denmark,-40.5846725,-55.811526,1998-02-28,"Fernandez, Howard and Gonzalez",Furniture conservator/restorer,375130619467832,10/25
Amy Johnson,maria40@example.net,"Unit 0224 Box 7150
DPO AA 44637",810-192-9904,Sierra Leone,-70.860589,116.788493,1944-06-17,Bowers and Sons,"Scientist, product/process development",4651255368070920,06/25
Joshua Anderson,qhernandez@example.com,"88688 Antonio Dale
Collinsfurt, DE 35200",404.413.1963,Netherlands,-47.037927,-169.682909,1968-01-17,"Kim, Cardenas and Marks",Osteopath,4810234402362658,12/33
Danielle Flores,jeffrey13@example.org,"0715 Hamilton Lake
Barberview, AZ 86244",(895)147-3842,Pitcairn Islands,42.737434,151.710023,1941-03-21,"Mendez, Knight and Harris",Engineering geologist,6011962687932629,08/27
Pamela Anthony,ilopez@example.net,"850 Lee Freeway
Frazierfurt, VT 78204",250-432-0013,Egypt,-4.6911875,2.880186,1993-01-20,"Simpson, Allen and Johnson",Television camera operator,6011432980163603,02/32
Kimberly Walker,patrickgalvan@example.net,"5616 Deborah Club Suite 038
Evansfurt, ND 81981",294-971-2522x693,Turks and Caicos Islands,49.9115735,-156.230155,1987-05-13,Lee PLC,"Clinical scientist, histocompatibility and immunogenetics",4979402603746104526,07/25
Sarah Joseph,smithcynthia@example.com,"6891 Smith Viaduct Suite 183
Lake Amandafurt, TN 22638",021.755.5362,Hungary,-83.0049635,-116.808730,1990-10-28,"Bailey, Murphy and Roberson",Insurance account manager,4297496628015,03/28
Elizabeth Lynch,brittany79@example.com,"8136 Garcia Groves Apt. 413
East Tanya, KS 57825",742-660-1834x070,Iceland,-84.3922185,151.814618,1944-01-23,Shannon PLC,Leisure centre manager,3573442344043687,01/32
Omar Ramirez,jonathanlee@example.com,"8759 King Drives
Holmeschester, VI 88340",344.299.3807x126,Malta,68.093687,-129.457274,1979-10-29,Ware Ltd,Information systems manager,30478252290947,05/30
Melissa Harris,smithjason@example.net,"6006 Mcdonald Forest Suite 087
Saraburgh, RI 39622",+1-057-024-5193x8223,Faroe Islands,0.1659175,-106.429446,1957-04-21,Richardson-Smith,"Scientist, research (life sciences)",3531944169569192,11/25
Karen Middleton MD,christinajenkins@example.org,"14604 Lauren Junctions
Marcside, CT 39780",711-594-3518x883,Anguilla,78.873132,-131.536530,1941-11-04,Ingram PLC,Financial adviser,3567305548962853,01/31
Adam Peterson,usawyer@example.net,"USCGC Mcmillan
FPO AE 54818",397.460.0893x7460,Mauritania,-4.392470,-175.235835,1998-02-22,Allen Ltd,Chartered loss adjuster,4563668946547298521,12/27
Matthew Williams,zacharypalmer@example.org,"74705 Sheryl Summit
Lindachester, VT 91683",001-698-798-3923x41428,Heard Island and McDonald Islands,50.257256,48.648703,1943-02-15,Stanley-Campos,Land/geomatics surveyor,213112785370509,05/26
Justin King,hannahrodriguez@example.net,"9202 Rebecca Route Suite 731
Ortizfort, CO 63854",+1-090-740-3499x83530,United States Minor Outlying Islands,-36.5713525,-119.596033,1943-03-22,Meyers Ltd,"Investment banker, corporate",213169110852338,10/29
